{"insideTemp": 20.36216355, "insideTemp1": 19.1875, "insideTemp2": 18.37749481, "insideTemp3": 21.53682709, "windSpeed": 0, "outsideTemp": -0.202560425, "outsideHumidity": 95, "boilerTemp": 36.1875, "insideHumidity": 72, "insideHumidity1": 75, "insideHumidity2": 72}